Date,Open,High,Low,Close,Volume,Adj Close
2017-04-03,11495.330078,11560.820312,11394.339844,11464.339844,3703175000,11464.339844
2017-03-01,11593.209961,11687.070312,11324.50,11492.849609,3691386000,11492.849609
2017-02-01,11244.820312,11590.349609,11171.570312,11512.400391,3861713600,11512.400391
2017-01-03,11138.849609,11344.740234,11094.290039,11222.959961,3728531500,11222.959961
2016-12-01,10860.419922,11688.450195,10812.75,11056.900391,3710578000,11056.900391
2016-11-01,10508.009766,10890.040039,10281.480469,10838.480469,4468273300,10838.480469
2016-10-03,10721.849609,10721.849609,10425.910156,10481.889648,3672334700,10481.889648
2016-09-01,10762.450195,10903.860352,10487.799805,10721.730469,3878265700,10721.730469
2016-08-01,10768.75,10892.150391,10619.389648,10764.75,3451160800,10764.75
2016-07-01,10495.080078,10815.429688,10308.219727,10785.509766,3678454500,10785.509766
2016-06-01,10385.929688,10648.049805,9918.719727,10489.759766,4157978100,10489.759766
2016-05-02,10450.129883,10503.410156,10119.650391,10441.00,3791220000,10441.00
2016-04-01,10132.580078,10593.209961,10004.769531,10436.919922,4087129000,10436.919922
2016-03-01,9626.879883,10281.69043,9613.959961,10207.370117,4379759000,10207.370117
2016-02-01,9578.919922,9682.929688,8944.049805,9559.530273,4881887000,9559.530273
2016-01-04,10020.049805,10039.959961,8937.990234,9632.700195,5153017800,9632.700195
2015-12-01,10447.05957,10523.790039,9880.419922,10143.419922,3922935900,10143.419922
2015-11-02,10474.580078,10641.620117,10141.549805,10409.589844,4007931000,10409.589844
2015-10-01,9832.330078,10538.219727,9697.269531,10460.959961,4095504500,10460.959961
2015-09-01,10176.50,10362.259766,9565.240234,9799.69043,4024497100,9799.69043
2015-08-03,10883.469727,10916.219727,9509.589844,10176.50,4216280400,10176.50
2015-07-01,10844.459961,11032.610352,10622.320312,10882.280273,3709178600,10882.280273
2015-06-01,11081.669922,11170.820312,10768.620117,10805.200195,3512325400,10805.200195
2015-05-01,11074.950195,11254.870117,10961.179688,11056.299805,3298780000,11056.299805
2015-04-01,10906.129883,11248.990234,10834.019531,11049.740234,3646220000,11049.740234
2015-03-02,11053.660156,11115.580078,10659.030273,10899.19043,3638745400,10899.19043
2015-02-02,10567.959961,11142.55957,10495.709961,11062.790039,3806470500,11062.790039
2015-01-02,10859.799805,10889.25,10442.799805,10537.219727,4094934500,10537.219727
2014-12-01,10933.110352,11008.540039,10360.030273,10839.240234,3788631300,10839.240234
2014-11-03,10834.400391,11068.269531,10704.55957,10955.410156,3479201500,10955.410156
2014-10-01,10688.650391,10846.089844,9886.080078,10845.00,4260310800,10845.00
2014-09-02,11050.570312,11108.389648,10685.00,10702.929688,3364624700,10702.929688
2014-08-01,10699.80957,11054.19043,10557.610352,11046.290039,2875718500,11046.290039
2014-07-01,11002.370117,11105.849609,10726.379883,10726.429688,3214440400,10726.429688
2014-06-02,10760.540039,11025.919922,10729.969727,10979.419922,3158130000,10979.419922
2014-05-01,10626.509766,10760.870117,10518.950195,10756.30957,3185100900,10756.30957
2014-04-01,10538.44043,10669.429688,10271.360352,10627.169922,3589287600,10627.169922
2014-03-03,10349.299805,10550.240234,10272.089844,10527.769531,3579015700,10527.769531
2014-02-03,9967.69043,10471.629883,9732.469727,10425.860352,3875949400,10425.860352
2014-01-02,10352.709961,11334.650391,9908.030273,9967.650391,3806266600,9967.650391
2013-12-02,10173.769531,10406.769531,9925.620117,10400.320312,3203412300,10400.320312
2013-11-01,10010.269531,10229.570312,9909.540039,10183.230469,3261324500,10183.230469
2013-10-01,9624.179688,10127.629883,9441.660156,10009.639648,3498866500,10009.639648
2013-09-03,9357.80957,9906.320312,9296.269531,9621.240234,3474152000,9621.240234
2013-08-01,9617.290039,9690.099609,9246.889648,9270.660156,3069868600,9270.660156
2013-07-01,9154.259766,9682.110352,9074.589844,9558.830078,3270645900,9558.830078
2013-06-03,9317.389648,9412.049805,8814.759766,9112.69043,3996199000,9112.69043
2013-05-01,9248.450195,9695.459961,9169.780273,9302.269531,3661220400,9302.269531
2013-04-01,9098.05957,9276.879883,8890.450195,9276.879883,3674685000,9276.879883
2013-03-01,8827.830078,9128.889648,8779.839844,9107.040039,3591577500,9107.040039
2013-02-01,8931.459961,9004.410156,8700.730469,8868.719727,3851884200,8868.719727
2013-01-02,8571.530273,8944.290039,8571.080078,8894.709961,3802304200,8894.709961
2012-12-03,8260.429688,8519.139648,8205.330078,8443.509766,3479625500,8443.509766
2012-11-01,8231.669922,8339.780273,7841.759766,8260.429688,3593110000,8260.429688
2012-10-01,8276.089844,8470.69043,8152.790039,8221.400391,3587115700,8221.400391
2012-09-04,8012.870117,8515.599609,7960.870117,8251.00,3857553100,8251.00
2012-08-01,7891.339844,8160.419922,7710.830078,8014.930176,3183567800,8014.930176
2012-07-02,7810.830078,7939.149902,7538.240234,7863.930176,3663113300,7863.930176
2012-06-01,7368.410156,7801.839844,7222.879883,7801.839844,3881122300,7801.839844
2012-05-01,8115.060059,8211.650391,7387.450195,7463.959961,4158095900,7463.959961
2012-04-02,8206.94043,8305.69043,7835.290039,8119.060059,3916786000,8119.060059
2012-03-01,8136.129883,8327.669922,7898.609863,8206.929688,3980752200,8206.929688
2012-02-01,7838.47998,8210.259766,7838.47998,8113.240234,4143404000,8113.240234
2012-01-03,7477.029785,7929.759766,7459.450195,7838.47998,4190155500,7838.47998
2011-12-01,7484.50,7596.109863,7129.839844,7477.029785,3525593800,7477.029785
2011-11-01,7565.029785,7681.220215,6898.120117,7484.50,4289379000,7484.50
2011-10-03,6791.649902,7864.490234,6414.890137,7563.379883,4874946600,7563.379883
2011-09-01,7528.390137,7584.72998,6641.299805,6791.649902,5104933800,6791.649902
2011-08-01,8124.029785,8172.339844,6891.040039,7528.390137,4942913400,7528.390137
2011-07-01,8319.099609,8496.419922,8011.450195,8079.439941,4308168000,8079.439941
2011-06-01,8477.280273,8477.280273,7901.080078,8319.099609,4105601300,8319.099609
2011-05-02,8671.410156,8718.25,8208.669922,8477.280273,4114534200,8477.280273
2011-04-01,8404.980469,8678.099609,8205.790039,8671.410156,4042194000,8671.410156
2011-03-01,8438.549805,8470.349609,7873.299805,8404.980469,4046691700,8404.980469
2011-02-01,8139.200195,8520.269531,8139.200195,8438.549805,3182974200,8438.549805
2011-01-03,7964.040039,8222.509766,7909.339844,8139.160156,4816605000,8139.160156
2010-12-01,7430.950195,7982.589844,7430.950195,7964.02002,3704486800,7964.02002
2010-11-01,7513.370117,7817.25,7385.580078,7430.939941,4354084200,7430.939941
2010-10-01,7281.089844,7615.22998,7240.209961,7513.350098,4461255200,7513.350098
2010-09-01,6704.22998,7376.910156,6704.22998,7281.069824,3848211900,7281.069824
2010-08-02,6999.100098,7196.540039,6594.950195,6704.149902,4080773600,6704.149902
2010-07-01,6469.649902,7092.549805,6355.830078,6998.990234,4704026600,6998.990234
2010-06-01,6791.439941,7088.77002,6454.339844,6469.649902,5235174000,6469.649902
2010-05-03,7474.430176,7560.160156,6451.669922,6791.569824,6626699400,6791.569824
2010-04-01,7447.939941,7743.740234,7437.390137,7474.399902,5847150900,7474.399902
2010-03-01,7035.049805,7497.879883,7035.049805,7447.799805,4702951700,7447.799805
2010-02-01,6883.790039,7111.52002,6631.509766,7035.040039,4658238400,7035.040039
2010-01-04,7184.97998,7471.310059,6869.209961,6883.779785,5071601500,6883.779785
2009-12-01,7092.359863,7288.22998,7002.470215,7184.959961,3900508200,7184.959961
2009-11-02,6739.470215,7266.509766,6692.850098,7092.359863,4443852500,7092.359863
2009-10-01,6910.870117,7241.390137,6633.97998,6739.450195,5451064000,6739.450195
2009-09-01,6643.240234,7092.700195,6448.029785,6910.879883,5633064200,6910.879883
2009-08-03,6424.279785,6775.740234,6338.089844,6643.240234,5801439500,6643.240234
2009-07-01,5905.160156,6455.049805,5552.819824,6424.279785,5080675400,6424.279785
2009-06-01,6004.069824,6231.029785,5706.25,5905.149902,5330941800,5905.149902
2009-05-01,5513.359863,6007.959961,5492.870117,6004.069824,6883268000,6004.069824
2009-04-01,4978.959961,5622.22998,4908.72998,5513.359863,6938945600,5513.359863
2009-03-02,4617.029785,5232.549805,4181.75,4978.97998,7633306300,4978.97998
2009-02-02,5195.790039,5524.120117,4596.899902,4617.029785,7022036200,4617.029785
2009-01-02,5755.759766,6014.00,5023.470215,5195.790039,5872061000,5195.790039
2008-12-01,5599.290039,5848.149902,5059.810059,5757.049805,5320791300,5757.049805
2008-11-03,6061.089844,6351.600098,4607.470215,5599.299805,6231635200,5599.299805
2008-10-01,7532.799805,7546.810059,5178.160156,6061.089844,7290610800,6061.089844
2008-09-02,8382.769531,8434.900391,7167.77002,7532.799805,7009506600,7532.799805
2008-08-01,8438.709961,8524.200195,8180.879883,8382.080078,4264482300,8382.080078
2008-07-01,8660.290039,8694.110352,8089.490234,8438.639648,5923937200,8438.639648
2008-06-02,9401.099609,9408.759766,8590.950195,8660.480469,4840303300,8660.480469
2008-05-01,9299.599609,9687.240234,9245.160156,9401.080078,3851575200,9401.080078
2008-04-01,8797.160156,9391.089844,8797.160156,9299.599609,4113069000,9299.599609
2008-03-03,8962.459961,9018.129883,8362.669922,8797.290039,4868908000,8797.290039
2008-02-01,9126.169922,9348.849609,8731.349609,8962.459961,4148143000,8962.459961
2008-01-02,9740.30957,9781.570312,8343.620117,9126.160156,4787052800,9126.160156
2007-12-03,9856.80957,10140.469727,9473.790039,9740.320312,3363127500,9740.320312
2007-11-01,10311.549805,10311.549805,9382.870117,9856.849609,4317578500,9856.849609
2007-10-01,10039.299805,10387.169922,9824.299805,10311.610352,3477202100,10311.610352
2007-09-04,9597.009766,10078.05957,9377.790039,10039.280273,3196581500,10039.280273
2007-08-01,9554.50,9798.120117,8811.549805,9596.980469,4091885600,9596.980469
2007-07-02,9873.019531,10238.25,9500.950195,9554.50,3564854700,9554.50
2007-06-01,9978.740234,10068.290039,9701.919922,9873.019531,3261343300,9873.019531
2007-05-01,9627.730469,10004.490234,9586.320312,9978.639648,3104253600,9978.639648
2007-04-02,9261.839844,9752.44043,9249.320312,9627.730469,3006294500,9627.730469
2007-03-01,9124.540039,9352.44043,8812.370117,9261.820312,2924392200,9261.820312
2007-02-01,9254.839844,9463.620117,9022.94043,9124.540039,2935275700,9124.540039
2007-01-03,9137.959961,9271.75,8957.240234,9254.730469,2832921500,9254.730469
2006-12-01,8969.00,9188.169922,8885.769531,9139.019531,2159176000,9139.019531
2006-11-01,8774.980469,8995.629883,8684.790039,8969.00,2826198000,8969.00
2006-10-02,8469.669922,8846.240234,8416.120117,8774.980469,2708938600,8774.980469
2006-09-01,8388.679688,8498.269531,8218.990234,8469.650391,2563743500,8469.650391
2006-08-01,8242.230469,8401.139648,8140.109863,8388.55957,2169808200,8388.55957
2006-07-03,8169.069824,8264.110352,7824.410156,8242.120117,2440476000,8242.120117
2006-06-01,8189.109863,8316.44043,7708.109863,8169.069824,2541187200,8169.069824
2006-05-01,8471.429688,8651.740234,7974.839844,8189.109863,2591135900,8189.109863
2006-04-03,8233.230469,8491.889648,8183.430176,8471.429688,2406755200,8471.429688
2006-03-01,8060.450195,8321.980469,7963.339844,8233.200195,2310510800,8233.200195
2006-02-01,8106.450195,8156.279785,7912.720215,8060.609863,2380568400,8060.609863
2006-01-03,7753.970215,8130.189941,7753.970215,8106.549805,2595998000,8106.549805
2005-12-01,7645.470215,7867.589844,7645.470215,7753.950195,2057125200,7753.950195
2005-11-01,7433.049805,7768.029785,7411.22998,7645.279785,2260836100,7645.279785
2005-10-03,7632.97998,7652.890137,7211.140137,7433.120117,2493393300,7433.120117
2005-09-01,7496.109863,7667.640137,7471.850098,7632.97998,2232144200,7632.97998
2005-08-01,7476.660156,7590.830078,7360.97998,7496.089844,1930243400,7496.089844
2005-07-01,7217.839844,7529.009766,7174.950195,7476.660156,1962718000,7476.660156
2005-06-01,7134.319824,7351.209961,7131.069824,7217.779785,1929251300,7217.779785
2005-05-02,7008.370117,7187.939941,6902.509766,7134.330078,1960127100,7134.330078
2005-04-01,7167.549805,7237.640137,6927.100098,7008.319824,2180315700,7008.319824
2005-03-01,7321.22998,7455.080078,7065.830078,7167.529785,1874017200,7167.529785
2005-02-01,7089.950195,7362.830078,7089.950195,7321.22998,1640158400,7321.22998
2005-01-03,7250.060059,7268.209961,6984.02002,7089.830078,1659668000,7089.830078
2004-12-01,7005.720215,7273.180176,6966.569824,7250.060059,1456281800,7250.060059
2004-11-01,6692.709961,7075.799805,6685.72998,7005.720215,1524699000,7005.720215
2004-10-01,6570.390137,6717.549805,6493.180176,6692.709961,1572219000,6692.709961
2004-09-01,6454.200195,6639.779785,6444.839844,6570.25,1360812800,6570.25
2004-08-02,6403.149902,6463.049805,6215.970215,6454.220215,1260104500,6454.220215
2004-07-01,6602.919922,6604.649902,6273.399902,6403.149902,1456371400,6403.149902
2004-06-01,6484.72998,6622.200195,6450.399902,6602.990234,1381100000,6602.990234
2004-05-03,6439.419922,6568.009766,6211.330078,6484.720215,1524625000,6484.720215
2004-04-01,6599.060059,6715.089844,6427.689941,6439.419922,1579114200,6439.419922
2004-03-01,6692.370117,6798.120117,6364.580078,6599.060059,1513121700,6599.060059
2004-02-02,6551.629883,6778.02002,6520.910156,6692.370117,1545731500,6692.370117
2004-01-02,6464.00,6680.009766,6438.470215,6551.629883,1719385000,6551.629883
2003-12-01,6073.00,6469.50,6073.00,6464.00,1295037700,6464.00
2003-11-03,5959.009766,6080.560059,5922.450195,6073.02002,1297370500,6073.02002
2003-10-01,5644.02002,5983.490234,5644.02002,5959.009766,1449304300,5959.009766
2003-09-02,5660.160156,5857.790039,5614.47998,5644.029785,1491376100,5644.029785
2003-08-01,5558.990234,5681.759766,5430.77002,5660.160156,1226436600,5660.160156
2003-07-01,5501.379883,5671.540039,5437.77002,5558.990234,1499018100,5558.990234
2003-06-02,5435.379883,5739.029785,5435.379883,5505.169922,1561166600,5505.169922
2003-05-01,5131.560059,5437.839844,5068.040039,5435.370117,1540023800,5435.370117
2003-04-01,4730.209961,5151.069824,4730.209961,5131.560059,1473319000,5131.560059
2003-03-03,4716.080078,4971.109863,4418.620117,4730.209961,1398961900,4730.209961
2003-02-03,4868.680176,4903.279785,4601.450195,4716.069824,1385415700,4716.069824
2003-01-02,5146.00,5255.390137,4769.790039,4868.680176,1313047600,4868.680176
2002-12-02,5229.660156,5229.660156,4958.02002,5000.00,1289625700,5000.00
2002-11-01,5079.72998,5247.640137,4947.97998,5236.850098,1490676000,5236.850098
2002-10-01,4873.75,5093.259766,4452.490234,5000.319824,1717287300,5000.319824
2002-09-03,5036.589844,5205.759766,4709.330078,4709.959961,1472279000,4709.959961
2002-08-01,5067.879883,5452.450195,4793.180176,5239.810059,1374013600,5239.810059
2002-07-01,5535.240234,5598.680176,4549.660156,5195.609863,2012640000,5195.609863
2002-06-03,5901.830078,5920.870117,5543.279785,5636.540039,1635943000,5636.540039
2002-05-01,6136.459961,6193.879883,5977.859863,6035.27002,1279613600,6035.27002
2002-04-01,6327.109863,6327.109863,6010.430176,6071.220215,1372613600,6071.220215
2002-03-01,6224.02002,6445.009766,6224.02002,6348.790039,1384680000,6348.790039
2002-02-01,6087.930176,6124.299805,5894.75,6117.959961,1444200000,6117.959961
2002-01-02,6244.209961,6307.970215,5973.419922,6116.899902,1490628500,6116.899902
2001-12-03,6082.959961,6284.810059,6019.310059,6236.390137,1303608500,6236.390137
2001-11-01,5878.569824,6219.790039,5878.569824,6125.040039,1317790400,6125.040039
2001-10-01,5731.490234,5990.859863,5731.490234,5776.850098,1361033900,5776.850098
2001-09-04,6233.740234,6233.740234,5331.379883,5750.419922,1789906000,5750.419922
2001-08-01,6525.580078,6538.799805,6197.259766,6215.660156,1055621700,6215.660156
2001-07-02,6632.580078,6632.580078,6324.359863,6523.359863,1186805200,6523.359863
2001-06-01,6796.899902,6894.390137,6513.419922,6574.319824,1265732800,6574.319824
2001-05-01,6778.180176,7016.299805,6687.040039,6784.850098,1170568100,6784.850098
2001-04-02,6230.990234,6742.22998,6049.02002,6712.52002,1327224500,6712.52002
2001-03-01,6610.169922,6759.259766,5988.430176,6298.350098,1322155000,6298.350098
2001-02-01,7048.129883,7048.129883,6587.430176,6629.089844,1202257800,6629.089844
2001-01-02,6785.689941,7022.970215,6754.819824,7017.149902,1334314200,7017.149902
2000-12-01,6677.209961,6977.600098,6608.259766,6945.569824,000,6945.569824
2000-11-01,7026.240234,7035.649902,6624.02002,6659.120117,000,6659.120117
2000-10-02,7046.02002,7061.879883,6599.279785,7042.319824,000,7042.319824
2000-09-01,7164.549805,7164.549805,6913.529785,7010.810059,000,7010.810059
2000-08-01,6851.350098,7140.02002,6851.350098,7132.299805,000,7132.299805
2000-07-03,6874.930176,7018.839844,6758.310059,6773.850098,000,6773.850098
2000-06-01,6888.359863,6975.379883,6766.759766,6798.169922,000,6798.169922
2000-05-01,6878.950195,6966.290039,6644.109863,6805.25,000,6805.25
2000-04-03,6975.069824,6991.350098,6465.72998,6811.169922,000,6811.169922
2000-03-01,6338.740234,6899.359863,6221.899902,6848.609863,000,6848.609863
2000-02-01,6606.890137,6657.540039,6094.910156,6266.419922,000,6266.419922
2000-01-03,6762.109863,6870.490234,6469.109863,6574.009766,000,6574.009766
1999-12-01,6711.890137,6876.100098,6655.529785,6876.100098,000,6876.100098
1999-11-01,6573.899902,6861.290039,6539.430176,6673.930176,000,6673.930176
1999-10-01,6264.720215,6613.549805,6092.27002,6613.549805,000,6613.549805
1999-09-01,6527.060059,6617.990234,6198.740234,6268.00,000,6268.00
1999-08-02,6612.180176,6766.759766,6379.870117,6474.609863,000,6474.609863
1999-07-01,6886.990234,7011.649902,6619.899902,6619.899902,000,6619.899902
1999-06-01,6569.25,6853.149902,6550.430176,6853.149902,000,6853.149902
1999-05-03,6811.390137,6887.200195,6492.47998,6579.609863,000,6579.609863
1999-04-01,6397.00,6801.759766,6397.00,6706.919922,000,6706.919922
1999-03-01,6190.180176,6530.439941,6159.72998,6382.200195,000,6382.200195
1999-02-01,6317.379883,6346.669922,6097.02002,6201.069824,000,6201.069824
1999-01-04,6282.060059,6461.180176,6144.080078,6348.890137,000,6348.890137
1998-12-01,6062.240234,6313.049805,5863.450195,6299.930176,000,6299.930176
1998-11-02,5828.660156,6164.47998,5828.660156,6042.890137,000,6042.890137
1998-10-01,5183.450195,5745.240234,5045.779785,5745.240234,000,5745.240234
1998-09-01,5243.830078,5571.830078,5142.109863,5334.129883,000,5334.129883
1998-08-03,5930.700195,5930.700195,5081.72998,5081.72998,000,5081.72998
1998-07-01,6191.97998,6352.169922,5977.009766,5977.009766,000,5977.009766
1998-06-01,5975.640137,6134.560059,5867.259766,6119.339844,000,6119.339844
1998-05-01,6152.959961,6161.629883,5962.839844,5977.120117,000,5977.120117
1998-04-01,6094.799805,6192.189941,5953.540039,6104.950195,000,6104.950195
1998-03-02,5758.77002,6079.470215,5713.089844,6056.419922,000,6056.419922
1998-02-02,5505.950195,5754.859863,5505.950195,5754.859863,000,5754.859863
1998-01-02,5415.339844,5425.700195,5154.379883,5399.259766,000,5399.259766
1997-12-01,5368.600098,5438.180176,5205.660156,5405.189941,000,5405.189941
1997-11-03,5208.939941,5317.00,5042.930176,5277.350098,000,5277.350098
1997-10-01,5298.279785,5437.120117,4897.859863,5087.439941,000,5087.439941
1997-09-02,5106.049805,5277.97998,5044.299805,5257.580078,000,5257.580078
1997-08-01,5191.490234,5255.140137,4960.140137,4974.72998,000,4974.72998
1997-07-01,4927.459961,5228.709961,4927.459961,5228.709961,000,5228.709961
1997-06-02,4668.72998,4946.810059,4654.339844,4889.720215,000,4889.720215
1997-05-01,4395.609863,4671.259766,4395.609863,4671.259766,000,4671.259766
1997-04-01,4227.379883,4408.609863,4118.149902,4408.609863,000,4408.609863
1997-03-03,4412.839844,4522.379883,4214.160156,4214.160156,000,4214.160156
1997-02-03,4361.450195,4515.720215,4321.910156,4393.490234,000,4393.490234
1997-01-02,4118.790039,4364.839844,4118.790039,4356.169922,000,4356.169922
1996-12-02,4209.830078,4209.830078,4027.01001,4148.069824,000,4148.069824
1996-11-01,3951.189941,4217.439941,3951.189941,4212.890137,000,4212.890137
1996-10-01,3893.040039,4000.25,3893.040039,3959.860107,000,3959.860107
1996-09-03,3719.419922,3884.050049,3697.00,3884.050049,000,3884.050049
1996-08-01,3677.330078,3793.01001,3677.330078,3711.27002,000,3711.27002
1996-07-01,3824.52002,3824.52002,3553.51001,3623.620117,000,3623.620117
1996-06-03,3788.25,3842.280029,3753.25,3798.080078,000,3798.080078
1996-05-01,3716.97998,3846.090088,3630.280029,3794.169922,000,3794.169922
1996-04-01,3710.75,3721.110107,3588.51001,3713.919922,000,3713.919922
1996-03-01,3649.840088,3708.73999,3592.320068,3668.23999,000,3668.23999
1996-02-01,3608.070068,3718.780029,3596.02002,3624.669922,000,3624.669922
1996-01-02,3507.409912,3595.389893,3398.50,3595.389893,000,3595.389893
1995-12-01,3430.439941,3501.699951,3421.76001,3484.149902,000,3484.149902
1995-11-01,3288.639893,3425.780029,3288.639893,3421.550049,000,3421.550049
1995-10-02,3299.850098,3334.850098,3252.060059,3273.72998,000,3273.72998
1995-09-01,3206.27002,3323.639893,3206.27002,3312.330078,000,3312.330078
1995-08-01,3175.080078,3193.27002,3148.540039,3193.27002,000,3193.27002
1995-07-03,3098.00,3194.639893,3098.00,3186.080078,000,3186.080078
1995-06-01,3031.810059,3118.51001,3003.469971,3085.840088,000,3085.840088
1995-05-01,2930.399902,3028.73999,2930.399902,3028.73999,000,3028.73999
1995-04-03,2870.659912,2932.199951,2870.659912,2932.199951,000,2932.199951
1995-03-01,2788.929932,2875.209961,2762.389893,2865.899902,000,2865.899902
1995-02-01,2706.879883,2800.560059,2706.879883,2798.340088,000,2798.340088
1995-01-03,2651.149902,2709.52002,2651.149902,2706.129883,000,2706.129883
1994-12-01,2601.560059,2664.469971,2577.879883,2653.370117,000,2653.370117
1994-11-01,2714.699951,2714.699951,2603.040039,2626.620117,000,2626.620117
1994-10-03,2695.669922,2743.139893,2642.689941,2735.320068,000,2735.320068
1994-09-01,2759.530029,2764.179932,2683.719971,2701.800049,000,2701.800049
1994-08-01,2686.26001,2771.370117,2669.870117,2770.209961,000,2770.209961
1994-07-01,2604.72998,2671.139893,2604.72998,2671.139893,000,2671.139893
1994-06-01,2673.570068,2697.360107,2585.810059,2592.26001,000,2592.26001
1994-05-02,2658.23999,2672.929932,2585.379883,2667.120117,000,2667.120117
1994-04-04,2570.899902,2648.399902,2570.899902,2647.23999,000,2647.23999
1994-03-01,2726.01001,2763.439941,2612.350098,2612.350098,000,2612.350098
1994-02-01,2817.26001,2830.689941,2725.379883,2741.030029,000,2741.030029
1994-01-03,2730.879883,2824.23999,2730.879883,2824.23999,000,2824.23999
1993-12-01,2699.159912,2756.25,2699.159912,2739.439941,000,2739.439941
1993-11-01,2748.540039,2748.540039,2677.800049,2694.080078,000,2694.080078
1993-10-01,2709.939941,2754.25,2700.949951,2742.610107,000,2742.610107
1993-09-01,2716.179932,2716.179932,2660.23999,2698.72998,000,2698.72998
1993-08-02,2638.459961,2716.179932,2628.00,2716.179932,000,2716.179932
1993-07-01,2629.050049,2636.560059,2591.300049,2627.469971,000,2627.469971
1993-06-01,2646.389893,2646.389893,2589.719971,2633.919922,000,2633.919922
1993-05-03,2585.699951,2642.379883,2572.27002,2628.629883,000,2628.629883
1993-04-01,2630.110107,2630.110107,2536.73999,2574.280029,000,2574.280029
1993-03-01,2577.449951,2657.810059,2577.449951,2637.300049,000,2637.300049
1993-02-01,2577.97998,2622.070068,2517.389893,2580.840088,000,2580.840088
1993-01-04,2536.429932,2564.449951,2497.620117,2558.00,000,2558.00
1992-12-01,2508.090088,2559.689941,2503.219971,2539.919922,000,2539.919922
1992-11-02,2458.179932,2510.72998,2429.73999,2510.72998,000,2510.72998
1992-10-01,2418.530029,2446.969971,2348.530029,2437.98999,000,2437.98999
1992-09-01,2421.600098,2471.399902,2407.959961,2426.25,000,2426.25
1992-08-03,2470.659912,2470.659912,2393.26001,2411.129883,000,2411.129883
1992-07-01,2397.590088,2465.27002,2380.679932,2465.27002,000,2465.27002
1992-06-01,2430.899902,2430.899902,2332.669922,2372.00,000,2372.00
1992-05-01,2402.350098,2436.929932,2392.939941,2420.01001,000,2420.01001
1992-04-01,2362.379883,2422.969971,2304.22998,2413.97998,000,2413.97998
1992-03-02,2412.929932,2415.360107,2357.840088,2360.590088,000,2360.590088
1992-02-03,2396.110107,2437.669922,2385.959961,2413.030029,000,2413.030029
1992-01-02,2423.179932,2451.409912,2391.780029,2391.780029,000,2391.780029
1991-12-02,2227.360107,2426.040039,2204.939941,2426.040039,000,2426.040039
1991-11-01,2284.030029,2319.560059,2194.790039,2196.689941,000,2196.689941
1991-10-01,2262.879883,2289.639893,2198.810059,2289.639893,000,2289.639893
1991-09-03,2274.72998,2274.72998,2226.620117,2255.800049,000,2255.800049
1991-08-01,2241.310059,2296.300049,2187.070068,2291.219971,000,2291.219971
1991-07-01,2185.27002,2245.22998,2162.01001,2245.22998,000,2245.22998
1991-06-03,2243.530029,2243.530029,2148.689941,2151.439941,000,2151.439941
1991-05-01,2199.649902,2252.100098,2136.949951,2252.100098,000,2252.100098
1991-04-01,2150.800049,2254.429932,2150.800049,2171.530029,000,2171.530029
1991-03-01,2140.02002,2175.439941,2121.719971,2170.790039,000,2170.790039
1991-02-01,1981.52002,2129.550049,1981.52002,2122.149902,000,2122.149902
1991-01-02,1888.680054,1983.530029,1807.790039,1983.530029,000,1983.530029
1990-12-03,1872.290039,1912.469971,1872.290039,1908.449951,000,1908.449951
1990-11-01,1772.050049,1861.609985,1770.780029,1861.609985,000,1861.609985
1990-10-01,1821.01001,1824.920044,1715.060059,1757.040039,000,1757.040039
1990-09-04,1872.920044,1881.380005,1748.469971,1774.800049,000,1774.800049
1990-08-01,2055.320068,2055.320068,1785.689941,1871.22998,000,1871.22998
1990-07-02,2074.780029,2126.689941,2044.109985,2057.649902,000,2057.649902
1990-06-01,2093.919922,2116.969971,2035.130005,2066.949951,000,2066.949951
1990-05-01,1926.75,2082.389893,1926.75,2082.389893,000,2082.389893
1990-04-02,1967.560059,1997.800049,1911.099976,1919.030029,000,1919.030029
1990-03-01,1940.48999,1994.839966,1940.48999,1975.699951,000,1975.699951
1990-02-01,1919.339966,1952.969971,1896.400024,1935.72998,000,1935.72998
1990-01-02,2093.600098,2093.600098,1886.670044,1919.130005,000,1919.130005
1989-12-01,2047.709961,2062.300049,2002.660034,2062.300049,000,2062.300049
1989-11-01,1996.73999,2023.180054,1953.709961,2022.75,000,2022.75
1989-10-02,2060.820068,2107.77002,1962.060059,1990.400024,000,1990.400024
1989-09-01,2076.360107,2076.360107,2019.050049,2050.98999,000,2050.98999
1989-08-01,2023.599976,2066.639893,2008.689941,2064.72998,000,2064.72998
1989-07-03,1887.52002,2034.48999,1887.52002,2034.48999,000,2034.48999
1989-06-01,1899.359985,1936.900024,1881.069946,1881.069946,000,1881.069946
1989-05-01,1827.349976,1896.400024,1805.98999,1891.109985,000,1891.109985
1989-04-03,1759.790039,1830.630005,1754.709961,1830.630005,000,1830.630005
1989-03-01,1710.199951,1777.439941,1710.199951,1751.329956,000,1751.329956
1989-02-01,1760.209961,1776.599976,1709.97998,1718.130005,000,1718.130005
1989-01-03,1638.719971,1761.900024,1638.719971,1761.900024,000,1761.900024
1988-12-01,1621.689941,1659.02002,1617.98999,1652.25,000,1652.25
1988-11-01,1659.859985,1660.920044,1575.060059,1627.300049,000,1627.300049
1988-10-03,1620.209961,1685.660034,1617.040039,1659.439941,000,1659.439941
1988-09-01,1550.949951,1626.030029,1550.949951,1623.810059,000,1623.810059
1988-08-01,1623.280029,1628.670044,1543.130005,1567.97998,000,1567.97998
1988-07-01,1624.969971,1644.959961,1572.73999,1621.47998,000,1621.47998
1988-06-01,1589.650024,1642.630005,1582.569946,1633.319946,000,1633.319946
1988-05-02,1563.109985,1570.939941,1503.689941,1565.339966,000,1565.339966
1988-04-04,1534.98999,1619.900024,1534.569946,1563.540039,000,1563.540039
1988-03-01,1587.959961,1614.400024,1544.930054,1550.109985,000,1550.109985
1988-02-01,1515.530029,1590.920044,1483.920044,1590.920044,000,1590.920044
1988-01-04,1510.98999,1542.599976,1445.640015,1523.98999,000,1523.98999
1987-12-01,1379.869995,1494.699951,1331.339966,1461.609985,000,1461.609985
1987-11-02,1509.290039,1509.290039,1371.310059,1371.310059,000,1371.310059
1987-10-01,1934.680054,1939.650024,1352.170044,1488.780029,000,1488.780029
1987-09-01,1916.069946,1916.069946,1842.469971,1905.810059,000,1905.810059
1987-08-03,1882.859985,1987.76001,1875.670044,1950.430054,000,1950.430054
1987-07-01,1803.030029,1888.890015,1803.030029,1888.890015,000,1888.890015
1987-06-01,1728.589966,1837.400024,1721.089966,1808.849976,000,1808.849976
1987-05-01,1719.709961,1760.209961,1660.290039,1728.589966,000,1728.589966
1987-04-01,1755.660034,1807.680054,1673.930054,1722.040039,000,1722.040039
1987-03-02,1708.609985,1808.949951,1708.609985,1754.079956,000,1754.079956
1987-02-02,1664.829956,1721.609985,1661.97998,1713.050049,000,1713.050049
1987-01-02,1491.00,1657.119995,1491.00,1650.670044,000,1650.670044
1986-12-01,1505.589966,1534.140015,1465.310059,1465.310059,000,1465.310059
1986-11-03,1494.810059,1507.50,1443.099976,1507.50,000,1507.50
1986-10-01,1424.180054,1484.76001,1424.180054,1484.76001,000,1484.76001
1986-09-02,1513.310059,1541.119995,1402.180054,1410.959961,000,1410.959961
1986-08-01,1430.52002,1537.530029,1430.52002,1536.569946,000,1536.569946
1986-07-01,1529.810059,1534.780029,1426.50,1436.859985,000,1436.859985
1986-06-02,1489.630005,1522.300049,1455.900024,1522.300049,000,1522.300049
1986-05-01,1432.420044,1505.48999,1421.530029,1502.099976,000,1502.099976
1986-04-01,1436.76001,1491.530029,1396.369995,1435.380005,000,1435.380005
1986-03-03,1375.540039,1455.900024,1370.670044,1455.900024,000,1455.900024
1986-02-03,1303.530029,1382.52002,1297.609985,1382.52002,000,1382.52002
1986-01-02,1276.670044,1301.939941,1245.060059,1291.369995,000,1291.369995
1985-12-02,1222.640015,1289.040039,1222.640015,1285.660034,000,1285.660034
1985-11-01,1168.930054,1233.849976,1167.869995,1232.160034,000,1232.160034
1985-10-01,1128.959961,1159.829956,1112.25,1159.410034,000,1159.410034
1985-09-03,1151.589966,1153.810059,1105.47998,1112.25,000,1112.25
1985-08-01,1175.589966,1175.589966,1141.01001,1156.660034,000,1156.660034
1985-07-01,1178.439941,1200.01001,1161.00,1168.079956,000,1168.079956
1985-06-03,1158.98999,1174.849976,1141.540039,1174.849976,000,1174.849976
1985-05-01,1092.800049,1160.150024,1092.800049,1159.199951,000,1159.199951
1985-04-01,1109.180054,1122.400024,1092.050049,1100.939941,000,1100.939941
1985-03-01,1121.23999,1121.23999,1083.380005,1106.01001,000,1106.01001
1985-02-01,1091.530029,1121.660034,1091.530029,1109.50,000,1109.50
1985-01-02,1009.049988,1097.02002,1000.27002,1097.02002,000,1097.02002
1984-12-03,992.97998,1023.330017,987.799988,1019.099976,000,1019.099976
1984-11-01,1020.150024,1037.48999,994.98999,997.099976,000,997.099976
1984-10-01,1004.080017,1024.170044,987.799988,1012.330017,000,1012.330017
1984-09-04,1004.080017,1026.920044,1000.27002,1012.650024,000,1012.650024
1984-08-01,936.619995,1018.25,936.619995,1013.599976,000,1013.599976
1984-07-02,933.97998,937.039978,900.140015,917.059998,000,917.059998
1984-06-01,932.179993,944.549988,911.140015,934.51001,000,934.51001
1984-05-01,981.97998,984.309998,914.099976,916.849976,000,916.849976
1984-04-02,962.530029,973.72998,943.599976,972.570007,000,972.570007
1984-03-01,962.950012,971.72998,940.429993,969.289978,000,969.289978
1984-02-01,993.190002,996.890015,937.780029,956.289978,000,956.289978
1984-01-03,1001.22998,1033.160034,995.200012,997.309998,000,997.309998
1983-12-01,1017.090027,1017.090027,988.960022,1006.409973,000,1006.409973
1983-11-01,997.419983,1025.02002,986.849976,1017.090027,000,1017.090027
1983-10-03,1014.969971,1053.459961,996.890015,997.00,000,997.00
1983-09-01,1002.710022,1040.349976,1002.710022,1017.619995,000,1017.619995
1983-08-01,992.97998,1009.900024,974.789978,1003.340027,000,1003.340027
1983-07-01,1035.27002,1042.359985,996.789978,996.789978,000,996.789978
1983-06-01,995.309998,1046.910034,989.380005,1029.98999,000,1029.98999
1983-05-02,983.780029,1015.179993,983.780029,994.780029,000,994.780029
1983-04-04,931.119995,996.789978,919.599976,996.789978,000,996.789978
1983-03-01,919.169983,937.469971,911.669983,930.809998,000,930.809998
1983-02-01,873.50,913.039978,873.50,903.630005,000,903.630005
1983-01-03,843.679993,896.549988,843.679993,885.549988,000,885.549988
1982-12-01,847.27002,868.419983,825.169983,856.789978,000,856.789978
1982-11-01,823.909973,870.75,815.450012,845.369995,000,845.369995
1982-10-01,740.27002,843.780029,737.72998,813.650024,000,813.650024
1982-09-01,717.960022,755.919983,717.960022,731.48999,000,731.48999
1982-08-02,660.75,724.719971,621.73999,724.719971,000,724.719971
1982-07-01,660.960022,676.190002,650.390015,650.390015,000,650.390015
1982-06-01,680.630005,682.530029,652.719971,666.359985,000,666.359985
1982-05-03,711.190002,727.469971,682.530029,682.530029,000,682.530029
1982-04-01,692.469971,725.25,692.469971,709.289978,000,709.289978
1982-03-01,691.940002,691.940002,655.890015,682.219971,000,682.219971
1982-02-01,719.119995,720.809998,681.369995,690.780029,000,690.780029
1982-01-04,752.849976,752.849976,703.049988,733.710022,000,733.710022
1981-12-01,773.789978,774.419983,746.289978,751.900024,000,751.900024
1981-11-02,761.840027,775.789978,740.059998,775.789978,000,775.789978
1981-10-01,713.72998,747.98999,713.72998,746.929993,000,746.929993
1981-09-01,753.700012,756.659973,686.869995,708.440002,000,708.440002
1981-08-03,800.429993,821.049988,752.849976,752.849976,000,752.849976
1981-07-01,796.940002,803.179993,781.400024,803.070007,000,803.070007
1981-06-01,813.22998,821.049988,802.22998,805.190002,000,805.190002
1981-05-01,811.530029,820.309998,793.559998,814.070007,000,814.070007
1981-04-01,831.309998,831.309998,809.840027,812.169983,000,812.169983
1981-03-02,799.159973,833.419983,787.320007,827.609985,000,827.609985
1981-02-02,768.390015,794.400024,766.070007,794.400024,000,794.400024
1981-01-02,827.50,836.809998,785.309998,785.309998,000,785.309998
1980-12-01,837.02002,837.02002,773.049988,823.27002,000,823.27002
1980-11-03,786.26001,856.679993,785.52002,856.679993,000,856.679993
1980-10-01,775.789978,816.710022,770.299988,777.48999,000,777.48999
1980-09-02,753.700012,797.580017,753.47998,765.330017,000,765.330017
1980-08-01,734.23999,766.280029,731.280029,745.77002,000,745.77002
1980-07-01,695.01001,741.219971,695.01001,736.349976,000,736.349976
1980-06-02,668.469971,705.47998,667.309998,690.890015,000,690.890015
1980-05-01,633.789978,675.450012,632.099976,670.799988,000,670.799988
1980-04-01,611.47998,638.22998,599.849976,638.22998,000,638.22998
1980-03-03,680.419983,680.530029,584.72998,609.580017,000,609.580017
1980-02-01,698.710022,716.580017,679.570007,686.76001,000,686.76001
1980-01-02,641.719971,699.349976,638.02002,693.73999,000,693.73999
1979-12-03,640.130005,662.02002,640.130005,655.039978,000,655.039978
1979-11-01,615.070007,645.309998,600.059998,641.929993,000,641.929993
1979-10-01,653.880005,670.27002,598.580017,610.210022,000,610.210022
1979-09-04,648.700012,664.880005,641.400024,658.109985,000,658.109985
1979-08-01,627.659973,659.799988,627.340027,659.799988,000,659.799988
1979-07-02,611.799988,627.22998,610.73999,625.330017,000,625.330017
1979-06-01,592.450012,617.289978,592.450012,617.289978,000,617.289978
1979-05-01,606.299988,606.719971,583.880005,592.02002,000,592.02002
1979-04-02,599.849976,615.179993,599.849976,606.51001,000,606.51001
1979-03-01,574.150024,608.309998,574.150024,604.080017,000,604.080017
1979-02-01,592.130005,592.130005,569.710022,570.23999,000,570.23999
1979-01-02,570.23999,602.599976,570.23999,592.02002,000,592.02002
1978-12-01,568.549988,576.369995,551.950012,566.960022,000,566.960022
1978-11-01,568.76001,568.76001,543.070007,559.23999,000,559.23999
1978-10-02,613.059998,626.919983,546.340027,546.340027,000,546.340027
1978-09-01,618.98999,638.440002,605.97998,610.950012,000,610.950012
1978-08-01,598.580017,626.599976,598.580017,616.97998,000,616.97998
1978-07-03,565.27002,598.369995,560.409973,598.369995,000,598.369995
1978-06-01,577.219971,594.23999,562.419983,567.390015,000,567.390015
1978-05-01,574.789978,588.75,566.75,576.47998,000,576.47998
1978-04-03,522.77002,569.919983,522.77002,569.919983,000,569.919983
1978-03-01,512.719971,534.710022,511.450012,527.099976,000,527.099976
1978-02-01,526.469971,532.390015,512.090027,512.090027,000,512.090027
1978-01-03,547.929993,547.929993,518.75,522.450012,000,522.450012
1977-12-01,553.429993,555.119995,540.419983,555.119995,000,555.119995
1977-11-01,530.059998,563.900024,526.359985,553.640015,000,553.640015
1977-10-03,559.77002,559.77002,527.210022,535.559998,000,535.559998
1977-09-01,560.299988,566.650024,550.570007,558.400024,000,558.400024
1977-08-01,573.840027,573.840027,556.179993,559.669983,000,559.669983
1977-07-01,580.710022,589.590027,571.830017,572.25,000,572.25
1977-06-01,560.090027,586.00,559.140015,582.609985,000,582.609985
1977-05-02,570.23999,579.119995,555.76001,555.76001,000,555.76001
1977-04-01,570.349976,580.919983,559.97998,567.390015,000,567.390015
1977-03-01,578.169983,586.840027,566.01001,566.01001,000,566.01001
1977-02-01,589.48999,589.48999,571.929993,573.409973,000,573.409973
1977-01-03,610.00,610.00,586.210022,586.630005,000,586.630005
1976-12-01,581.869995,612.01001,580.179993,612.01001,000,612.01001
1976-11-01,581.559998,585.039978,559.349976,579.440002,000,579.440002
1976-10-01,588.960022,588.960022,564.849976,580.390015,000,580.390015
1976-09-01,586.840027,608.099976,586.309998,594.559998,000,594.559998
1976-08-02,582.929993,591.919983,572.570007,580.710022,000,580.710022
1976-07-01,584.830017,598.580017,581.77002,584.299988,000,584.299988
1976-06-01,562.099976,589.059998,555.330017,589.059998,000,589.059998
1976-05-03,567.599976,580.50,559.23999,563.690002,000,563.690002
1976-04-01,576.690002,583.669983,563.900024,572.140015,000,572.140015
1976-03-01,565.690002,583.140015,559.880005,579.440002,000,579.440002
1976-02-02,566.650024,577.539978,559.880005,564.109985,000,564.109985
1976-01-02,507.959991,566.219971,507.959991,566.219971,000,566.219971
1975-12-01,507.119995,507.119995,484.700012,503.730011,000,503.730011
1975-11-03,492.309998,511.769989,492.309998,510.079987,000,510.079987
1975-10-01,464.820007,510.179993,464.820007,497.48999,000,497.48999
1975-09-02,481.630005,484.910004,460.910004,470.429993,000,470.429993
1975-08-01,498.019989,498.019989,467.570007,489.459991,000,489.459991
1975-07-01,535.880005,541.799988,499.079987,502.459991,000,502.459991
1975-06-02,520.02002,537.669983,507.01001,537.669983,000,537.669983
1975-05-01,492.630005,516.320007,492.630005,512.400024,000,512.400024
1975-04-01,463.549988,488.929993,451.390015,488.399994,000,488.399994
1975-03-03,463.450012,481.529999,457.00,467.459991,000,467.459991
1975-02-03,437.540009,462.070007,436.269989,455.410004,000,455.410004
1975-01-02,391.859985,433.839996,391.859985,432.570007,000,432.570007
1974-12-02,382.350006,382.350006,364.269989,382.029999,000,382.029999
1974-11-01,411.73999,420.519989,380.970001,392.600006,000,392.600006
1974-10-01,353.059998,413.640015,347.769989,412.059998,000,412.059998
1974-09-03,390.170013,394.720001,353.690002,353.690002,000,353.690002
1974-08-01,436.269989,457.420013,387.209991,398.630005,000,398.630005
1974-07-01,474.339996,474.339996,439.339996,439.339996,000,439.339996
1974-06-03,494.959991,518.01001,474.76001,474.76001,000,474.76001
1974-05-01,517.27002,519.059998,483.640015,485.549988,000,485.549988
1974-04-01,526.570007,533.340027,502.570007,506.799988,000,506.799988
1974-03-01,541.690002,564.320007,530.909973,530.909973,000,530.909973
1974-02-01,539.26001,546.030029,513.570007,545.179993,000,545.179993
1974-01-02,549.619995,562.630005,523.400024,546.030029,000,546.030029
1973-12-03,529.530029,551.419983,518.640015,547.929993,000,547.929993
1973-11-01,612.640015,612.640015,539.469971,541.159973,000,541.159973
1973-10-01,617.719971,637.070007,616.23999,616.23999,000,616.23999
1973-09-04,590.440002,621.73999,583.559998,618.669983,000,618.669983
1973-08-01,601.650024,601.960022,566.219971,588.320007,000,588.320007
1973-07-02,572.780029,618.98999,564.210022,609.580017,000,609.580017
1973-06-01,580.070007,602.169983,568.76001,579.859985,000,579.859985
1973-05-01,600.159973,622.789978,573.309998,586.00,000,586.00
1973-04-02,622.690002,634.109985,599.849976,599.849976,000,599.849976
1973-03-01,630.299988,650.50,614.549988,629.97998,000,629.97998
1973-02-01,655.98999,665.299988,630.299988,634.419983,000,634.419983
1973-01-02,687.929993,692.369995,662.659973,663.50,000,663.50
1972-12-01,679.789978,688.77002,666.25,681.789978,000,681.789978
1972-11-01,652.820007,677.98999,652.820007,675.450012,000,675.450012
1972-10-02,638.859985,646.27002,618.460022,646.27002,000,646.27002
1972-09-01,648.590027,648.590027,626.390015,640.77002,000,640.77002
1972-08-01,630.619995,653.98999,630.619995,646.159973,000,646.159973
1972-07-03,629.23999,637.909973,617.719971,624.799988,000,624.799988
1972-06-01,643.72998,644.469971,624.700012,627.130005,000,627.130005
1972-05-01,628.710022,649.02002,615.070007,642.460022,000,642.460022
1972-04-03,632.52002,649.440002,630.409973,634.419983,000,634.419983
1972-03-01,631.25,642.039978,627.130005,631.039978,000,631.039978
1972-02-01,610.840027,626.390015,610.840027,626.390015,000,626.390015
1972-01-03,594.559998,610.950012,594.559998,610.210022,000,610.210022
1971-12-01,557.549988,596.679993,557.549988,596.679993,000,596.679993
1971-11-01,542.429993,553.530029,524.460022,548.140015,000,548.140015
1971-10-01,577.960022,584.409973,547.719971,550.570007,000,550.570007
1971-09-01,579.02002,592.549988,570.559998,574.469971,000,574.469971
1971-08-02,560.719971,587.049988,546.23999,578.809998,000,578.809998
1971-07-01,583.25,590.330017,558.400024,558.400024,000,558.400024
1971-06-01,584.299988,591.599976,569.289978,582.51001,000,582.51001
1971-05-03,601.75,605.030029,579.119995,580.710022,000,580.710022
1971-04-01,586.630005,610.73999,586.630005,605.559998,000,605.559998
1971-03-01,564.00,589.700012,564.00,586.210022,000,586.210022
1971-02-01,559.97998,574.049988,556.390015,562.419983,000,562.419983
1971-01-04,525.830017,556.599976,525.830017,556.599976,000,556.599976
1970-12-01,502.890015,531.75,502.890015,531.119995,000,531.119995
1970-11-02,480.470001,501.299988,475.820007,501.299988,000,501.299988
1970-10-01,488.399994,502.149994,478.670013,478.779999,000,478.779999
1970-09-01,465.559998,488.399994,465.350006,487.869995,000,487.869995
1970-08-03,443.040009,470.320007,429.190002,468.630005,000,468.630005
1970-07-01,419.880005,449.070007,409.200012,448.640015,000,448.640015
1970-06-01,449.700012,454.779999,418.51001,418.51001,000,418.51001
1970-05-01,473.170013,473.170013,398.519989,441.769989,000,441.769989
1970-04-01,529.73999,529.73999,466.089996,473.910004,000,473.910004
1970-03-02,530.700012,533.76001,512.190002,527.309998,000,527.309998
1970-02-02,506.690002,529.73999,506.690002,529.73999,000,529.73999
1970-01-02,550.890015,553.640015,502.679993,502.679993,000,502.679993
1969-12-01,551.099976,551.099976,526.359985,544.859985,000,544.859985
1969-11-03,575.320007,582.820007,549.619995,555.02002,000,555.02002
1969-10-01,543.169983,580.390015,543.169983,575.73999,000,575.73999
1969-09-02,559.349976,561.25,542.219971,546.559998,000,546.559998
1969-08-01,545.820007,561.570007,541.059998,559.77002,000,559.77002
1969-07-01,574.679993,583.780029,521.390015,535.450012,000,535.450012
1969-06-02,608.840027,608.840027,563.789978,572.359985,000,572.359985
1969-05-01,612.539978,627.22998,610.530029,611.900024,000,611.900024
1969-04-01,600.27002,613.169983,590.969971,613.169983,000,613.169983
1969-03-03,584.52002,601.119995,580.820007,601.119995,000,601.119995
1969-02-03,616.450012,620.679993,583.559998,583.559998,000,583.559998
1969-01-02,623.219971,623.320007,600.27002,617.289978,000,617.289978
1968-12-02,646.47998,646.47998,622.159973,622.789978,000,622.789978
1968-11-01,612.75,647.849976,612.75,647.849976,000,647.849976
1968-10-01,611.27002,623.73999,611.27002,615.070007,000,615.070007
1968-09-03,588.429993,610.099976,588.429993,610.099976,000,610.099976
1968-08-01,576.27002,587.26001,572.880005,586.210022,000,586.210022
1968-07-01,591.710022,610.00,578.48999,579.22998,000,579.22998
1968-06-03,594.140015,606.090027,592.969971,592.969971,000,592.969971
1968-05-01,578.070007,586.840027,572.359985,586.840027,000,586.840027
1968-04-01,542.119995,576.159973,542.119995,576.159973,000,576.159973
1968-03-01,524.25,530.380005,514.940002,529.219971,000,529.219971
1968-02-01,547.929993,547.929993,525.72998,526.25,000,526.25
1968-01-02,567.599976,572.780029,546.23999,546.23999,000,546.23999
1967-12-01,555.330017,569.179993,555.330017,569.179993,000,569.179993
1967-11-01,544.22998,555.119995,535.030029,552.580017,000,552.580017
1967-10-02,565.799988,572.669983,551.210022,551.210022,000,551.210022
1967-09-01,551.419983,572.460022,551.419983,567.919983,000,567.919983
1967-08-01,560.090027,562.72998,544.119995,550.570007,000,550.570007
1967-07-03,533.22998,556.710022,533.22998,556.710022,000,556.710022
1967-06-01,526.25,541.059998,515.359985,531.539978,000,531.539978
1967-05-01,544.650024,549.090027,519.909973,519.909973,000,519.909973
1967-04-03,517.900024,544.969971,512.830017,544.969971,000,544.969971
1967-03-01,507.859985,526.679993,507.859985,523.609985,000,523.609985
1967-02-01,499.50,510.609985,499.50,502.890015,000,502.890015
1967-01-03,462.48999,500.670013,462.48999,500.140015,000,500.140015
1966-12-01,459.109985,475.079987,459.109985,462.279999,000,462.279999
1966-11-01,459.850006,470.109985,455.519989,460.910004,000,460.910004
1966-10-03,427.390015,456.470001,416.290009,456.359985,000,456.359985
1966-09-01,443.459991,456.26001,434.26001,436.700012,000,436.700012
1966-08-01,471.589996,481.100006,426.329987,440.399994,000,440.399994
1966-07-01,490.200012,500.559998,478.880005,478.880005,000,478.880005
1966-06-01,491.779999,498.660004,485.119995,485.440002,000,485.440002
1966-05-02,520.539978,520.539978,476.450012,491.679993,000,491.679993
1966-04-01,515.580017,529.109985,515.580017,521.179993,000,521.179993
1966-03-01,517.900024,517.900024,501.51001,511.450012,000,511.450012
1966-02-01,529.109985,539.890015,506.380005,524.559998,000,524.559998
1966-01-03,527.210022,538.940002,527.210022,533.340027,000,533.340027
1965-12-31,528.690002,528.690002,528.690002,528.690002,000,528.690002
